Name,Email,Age
Steven Fisher,derek89@example.org,25
Morgan Fernandez Dds,simpsondanielle@example.net,24
Lindsey Holmes,martinchristopher@example.org,57
Joel Mcneil,ronaldjohnson@example.net,44
Charles Bailey,jacobsimmons@example.com,61
Nicole Byrd,bobflores@example.com,65
Amy Jones,robin42@example.net,79
Mark Hatfield,valerie33@example.com,27
Jennifer Robinson,tramos@example.net,60
Carlos Moss,jonathan00@example.com,59
Kyle Matthews,dustin55@example.com,39
Jacob Perez,jennifer69@example.net,64
Nathan Banks,odavis@example.net,50
Renee Molina,katherine73@example.org,20
Alicia Key,hwood@example.com,47
Justin Mitchell,xharper@example.com,54
Ashley Rowe,holmesmatthew@example.com,76
Jose Garcia,kennethhorne@example.com,78
Jason Diaz,patricia21@example.org,35
Kristen Duke,janicefrench@example.org,36
